01/08/2022 22:46:23,33.0
01/08/2022 22:46:23,33.0
01/08/2022 22:46:24,33.0
01/08/2022 22:46:24,33.0
01/08/2022 22:46:25,33.0
01/08/2022 22:46:25,33.0
01/08/2022 22:46:26,33.0
01/08/2022 22:46:26,33.0
01/08/2022 22:46:27,33.0
01/08/2022 22:49:09,33.0
01/08/2022 22:49:09,33.0
01/08/2022 22:49:10,33.0
01/08/2022 22:49:10,33.0
01/08/2022 22:49:11,33.0
01/08/2022 22:49:11,33.0
01/08/2022 22:49:12,33.0
01/08/2022 22:49:12,33.0
01/08/2022 22:49:13,33.0
01/08/2022 22:49:13,33.0
01/08/2022 22:49:14,33.0
01/08/2022 22:49:14,33.0
01/08/2022 22:49:15,33.0
01/08/2022 22:49:15,33.0
01/08/2022 22:49:16,33.0
01/08/2022 22:49:16,33.0
01/08/2022 22:49:17,33.0
01/08/2022 22:49:17,33.0
01/08/2022 22:49:18,33.0
01/08/2022 22:49:18,33.0
01/08/2022 22:49:19,33.0
01/08/2022 22:49:20,33.0
01/08/2022 22:49:20,33.0
01/08/2022 22:49:21,33.0
01/08/2022 22:49:21,33.0
01/08/2022 22:49:22,33.0
01/08/2022 22:49:22,33.0
01/08/2022 22:49:23,33.0
01/08/2022 22:49:23,33.0
01/08/2022 22:49:24,33.0
01/08/2022 22:49:24,33.0
01/08/2022 22:49:25,33.0
01/08/2022 22:49:25,33.0
01/08/2022 22:49:26,33.0
01/08/2022 22:49:26,33.0
01/08/2022 22:49:27,33.0
01/08/2022 22:49:27,33.0
01/08/2022 22:49:28,33.0
01/08/2022 22:49:28,33.0
01/08/2022 22:49:29,33.0
01/08/2022 22:49:30,33.0
01/08/2022 22:49:30,33.0
01/08/2022 22:49:31,33.0
01/08/2022 22:49:31,33.0
01/08/2022 22:49:32,33.0
01/08/2022 22:49:32,33.0
01/08/2022 22:49:33,33.0
01/08/2022 22:49:33,33.0
01/08/2022 22:49:34,33.0
01/08/2022 22:49:34,33.0
01/08/2022 22:49:35,33.0
01/08/2022 22:49:35,33.0
01/08/2022 22:49:36,33.0
01/08/2022 22:49:36,33.0
01/08/2022 22:49:37,33.0
01/08/2022 22:49:37,33.0
01/08/2022 22:49:38,33.0
01/08/2022 22:49:38,33.0
01/08/2022 22:49:39,33.0
01/08/2022 22:49:39,33.0
01/08/2022 22:49:40,33.0
01/08/2022 22:49:41,33.0
01/08/2022 22:49:41,33.0
01/08/2022 22:49:42,33.0
01/08/2022 22:49:42,33.0
01/08/2022 22:49:43,33.0
01/08/2022 22:49:43,33.0
01/08/2022 22:49:44,33.0
01/08/2022 22:49:44,33.0
01/08/2022 22:49:45,33.0
01/08/2022 22:49:45,33.0
01/08/2022 22:49:46,33.0
01/08/2022 22:49:46,33.0
01/08/2022 22:49:47,33.0
01/08/2022 22:49:47,33.0
01/08/2022 22:49:48,33.0
01/08/2022 22:49:48,33.0
01/08/2022 22:49:49,33.0
01/08/2022 22:49:49,33.0
01/08/2022 22:49:50,33.0
01/08/2022 22:49:50,33.0
01/08/2022 22:49:51,33.0
01/08/2022 22:49:52,33.0
01/08/2022 22:49:52,33.0
01/08/2022 22:49:53,33.0
01/08/2022 22:49:53,33.0
01/08/2022 22:49:54,33.0
01/08/2022 22:49:54,33.0
01/08/2022 22:49:55,33.0
01/08/2022 22:49:55,33.0
01/08/2022 22:49:56,33.0
01/08/2022 22:49:56,33.0
01/08/2022 22:49:57,33.0
01/08/2022 22:49:57,33.0
01/08/2022 22:49:58,33.0
01/08/2022 22:49:58,33.0
01/08/2022 22:49:59,33.0
01/08/2022 22:49:59,33.0
01/08/2022 22:50:00,33.0
01/08/2022 22:50:00,33.0
01/08/2022 22:50:01,33.0
01/08/2022 22:50:01,33.0
01/08/2022 22:50:02,33.0
01/08/2022 22:50:03,33.0
01/08/2022 22:50:03,33.0
01/08/2022 22:50:04,33.0
01/08/2022 22:50:04,33.0
01/08/2022 22:50:05,33.0
01/08/2022 22:50:05,33.0
01/08/2022 22:50:06,33.0
01/08/2022 22:50:06,33.0
01/08/2022 22:50:07,33.0
01/08/2022 22:50:07,33.0
01/08/2022 22:50:08,33.0
01/08/2022 22:50:08,33.0
01/08/2022 22:50:09,33.0
01/08/2022 22:50:09,33.0
01/08/2022 22:50:10,33.0
01/08/2022 22:50:10,33.0
01/08/2022 22:50:11,33.0
01/08/2022 22:50:11,33.0
01/08/2022 22:50:12,33.0
01/08/2022 22:50:12,33.0
01/08/2022 22:50:13,33.0
01/08/2022 22:50:14,33.0
01/08/2022 22:50:14,33.0
01/08/2022 22:50:15,33.0
01/08/2022 22:50:15,33.0
01/08/2022 22:50:16,33.0
01/08/2022 22:50:16,33.0
01/08/2022 22:50:17,33.0
01/08/2022 22:50:17,33.0
01/08/2022 22:50:18,33.0
01/08/2022 22:50:18,33.0
01/08/2022 22:50:19,33.0
01/08/2022 22:50:19,33.0
01/08/2022 22:50:20,33.0
01/08/2022 22:50:20,33.0
01/08/2022 22:50:21,33.0
01/08/2022 22:50:21,33.0
01/08/2022 22:50:22,33.0
01/08/2022 22:50:22,33.0
01/08/2022 22:50:23,33.0
01/08/2022 22:50:24,33.0
01/08/2022 22:50:24,33.0
01/08/2022 22:50:25,33.0
01/08/2022 22:50:25,33.0
01/08/2022 22:50:26,33.0
01/08/2022 22:50:26,33.0
01/08/2022 22:50:27,33.0
01/08/2022 22:50:27,33.0
01/08/2022 22:50:28,33.0
01/08/2022 22:50:28,33.0
01/08/2022 22:50:29,33.0
01/08/2022 22:50:29,33.0
01/08/2022 22:50:30,33.0
01/08/2022 22:50:30,33.0
01/08/2022 22:50:31,33.0
01/08/2022 22:50:31,33.0
01/08/2022 22:50:32,33.0
01/08/2022 22:50:32,33.0
01/08/2022 22:50:33,33.0
01/08/2022 22:50:33,33.0
01/08/2022 22:50:34,33.0
01/08/2022 22:50:35,33.0
01/08/2022 22:50:35,33.0
01/08/2022 22:50:36,33.0
01/08/2022 22:50:36,33.0
01/08/2022 22:50:37,33.0
01/08/2022 22:50:37,33.0
01/08/2022 22:50:38,33.0
01/08/2022 22:50:38,33.0
01/08/2022 22:50:39,33.0
01/08/2022 22:50:39,33.0
01/08/2022 22:50:40,33.0
01/08/2022 22:50:40,33.0
01/08/2022 22:50:41,33.0
01/08/2022 22:50:41,33.0
01/08/2022 22:50:42,33.0
01/08/2022 22:50:42,33.0
01/08/2022 22:50:43,33.0
01/08/2022 22:50:43,33.0
01/08/2022 22:50:44,33.0
01/08/2022 22:50:44,33.0
01/08/2022 22:50:45,33.0
01/08/2022 22:50:46,33.0
01/08/2022 22:51:15,33.0
01/08/2022 22:51:15,33.0
01/08/2022 22:51:16,33.0
01/08/2022 22:51:16,33.0
01/08/2022 22:51:17,33.0
01/08/2022 22:51:17,33.0
01/08/2022 22:51:18,33.0
01/08/2022 22:51:18,33.0
01/08/2022 22:51:19,33.0
01/08/2022 22:51:19,33.0
01/08/2022 22:51:20,33.0
01/08/2022 22:51:20,33.0
01/08/2022 22:51:21,33.0
01/08/2022 22:51:21,33.0
01/08/2022 22:51:22,33.0
01/08/2022 22:51:22,33.0
01/08/2022 22:51:23,33.0
01/08/2022 22:51:23,33.0
01/08/2022 22:51:24,33.0
01/08/2022 22:51:24,34.0
01/08/2022 22:51:25,34.0
01/08/2022 22:51:26,34.0
01/08/2022 22:51:26,34.0
01/08/2022 22:51:27,34.0
01/08/2022 22:51:27,34.0
01/08/2022 22:51:28,34.0
01/08/2022 22:51:28,34.0
01/08/2022 22:51:29,34.0
01/08/2022 22:51:29,34.0
01/08/2022 22:51:30,34.0
01/08/2022 22:51:30,34.0
01/08/2022 22:51:31,34.0
01/08/2022 22:51:31,34.0
01/08/2022 22:51:32,34.0
01/08/2022 22:51:32,34.0
01/08/2022 22:51:33,34.0
01/08/2022 22:51:33,34.0
01/08/2022 22:51:34,34.0
01/08/2022 22:51:34,34.0
01/08/2022 22:51:35,34.0
01/08/2022 22:51:36,34.0
01/08/2022 22:51:36,34.0
01/08/2022 22:51:37,34.0
01/08/2022 22:51:37,34.0
01/08/2022 22:51:38,34.0
01/08/2022 22:51:38,34.0
01/08/2022 22:51:39,35.0
01/08/2022 22:51:39,35.0
01/08/2022 22:51:40,35.0
01/08/2022 22:51:40,35.0
01/08/2022 22:51:41,35.0
01/08/2022 22:51:41,35.0
01/08/2022 22:51:42,35.0
01/08/2022 22:51:42,35.0
01/08/2022 22:51:43,35.0
01/08/2022 22:51:43,35.0
01/08/2022 22:51:44,35.0
01/08/2022 22:51:44,35.0
01/08/2022 22:51:45,35.0
01/08/2022 22:51:45,35.0
01/08/2022 22:51:46,35.0
01/08/2022 22:51:47,35.0
01/08/2022 22:51:47,35.0
01/08/2022 22:51:48,35.0
01/08/2022 22:51:48,35.0
01/08/2022 22:51:49,35.0
01/08/2022 22:51:49,35.0
01/08/2022 22:51:50,35.0
01/08/2022 22:51:50,35.0
01/08/2022 22:51:51,35.0
01/08/2022 22:51:51,35.0
01/08/2022 22:51:52,35.0
01/08/2022 22:51:52,35.0
01/08/2022 22:51:53,35.0
01/08/2022 22:51:53,35.0
01/08/2022 22:51:54,35.0
01/08/2022 22:51:54,35.0
01/08/2022 22:51:55,35.0
01/08/2022 22:51:55,35.0
01/08/2022 22:51:56,35.0
01/08/2022 22:51:56,35.0
01/08/2022 22:51:57,36.0
01/08/2022 22:51:58,36.0
01/08/2022 22:51:58,36.0
01/08/2022 22:51:59,36.0
01/08/2022 22:51:59,36.0
01/08/2022 22:52:00,36.0
01/08/2022 22:52:00,36.0
01/08/2022 22:52:01,36.0
01/08/2022 22:52:01,36.0
01/08/2022 22:52:02,36.0
01/08/2022 22:52:02,36.0
01/08/2022 22:52:03,36.0
01/08/2022 22:52:03,36.0
01/08/2022 22:52:04,36.0
01/08/2022 22:52:04,36.0
01/08/2022 22:52:05,36.0
01/08/2022 22:52:05,36.0
01/08/2022 22:52:06,36.0
01/08/2022 22:52:06,36.0
01/08/2022 22:52:07,36.0
01/08/2022 22:52:07,36.0
01/08/2022 22:52:08,36.0
01/08/2022 22:52:09,36.0
01/08/2022 22:52:09,36.0
01/08/2022 22:52:10,36.0
01/08/2022 22:52:10,36.0
01/08/2022 22:52:11,36.0
01/08/2022 22:52:11,36.0
01/08/2022 22:52:12,36.0
01/08/2022 22:52:12,36.0
01/08/2022 22:52:13,36.0
01/08/2022 22:52:13,36.0
01/08/2022 22:52:14,36.0
01/08/2022 22:52:14,36.0
01/08/2022 22:52:15,36.0
01/08/2022 22:52:15,36.0
01/08/2022 22:52:16,36.0
01/08/2022 22:52:16,36.0
01/08/2022 22:52:17,36.0
01/08/2022 22:52:17,36.0
01/08/2022 22:52:18,36.0
01/08/2022 22:52:19,36.0
01/08/2022 22:52:19,36.0
01/08/2022 22:52:20,36.0
01/08/2022 22:52:20,36.0
01/08/2022 22:52:21,36.0
01/08/2022 22:52:21,36.0
01/08/2022 22:52:22,36.0
01/08/2022 22:52:22,36.0
01/08/2022 22:52:23,36.0
01/08/2022 22:52:23,36.0
01/08/2022 22:52:24,36.0
01/08/2022 22:52:24,36.0
01/08/2022 22:52:25,36.0
01/08/2022 22:52:25,36.0
01/08/2022 22:52:26,37.0
01/08/2022 22:52:26,37.0
01/08/2022 22:52:27,37.0
01/08/2022 22:52:27,37.0
01/08/2022 22:52:28,37.0
01/08/2022 22:52:28,37.0
01/08/2022 22:52:29,37.0
01/08/2022 22:52:30,37.0
01/08/2022 22:52:30,37.0
01/08/2022 22:52:31,37.0
01/08/2022 22:52:31,37.0
01/08/2022 22:52:32,37.0
01/08/2022 22:52:32,37.0
01/08/2022 22:52:33,37.0
01/08/2022 22:52:33,37.0
01/08/2022 22:52:34,37.0
01/08/2022 22:52:34,37.0
01/08/2022 22:52:35,37.0
01/08/2022 22:52:35,37.0
01/08/2022 22:52:36,37.0
01/08/2022 22:52:36,37.0
01/08/2022 22:52:37,37.0
01/08/2022 22:52:37,37.0
01/08/2022 22:52:38,37.0
01/08/2022 22:52:38,37.0
01/08/2022 22:52:39,37.0
01/08/2022 22:52:39,37.0
01/08/2022 22:52:40,37.0
01/08/2022 22:52:41,37.0
01/08/2022 22:52:41,37.0
01/08/2022 22:52:42,37.0
01/08/2022 22:52:42,37.0
01/08/2022 22:52:43,37.0
01/08/2022 22:52:43,37.0
01/08/2022 22:52:44,37.0
01/08/2022 22:52:44,37.0
01/08/2022 22:52:45,37.0
01/08/2022 22:52:45,37.0
01/08/2022 22:52:46,37.0
01/08/2022 22:52:46,37.0
01/08/2022 22:52:47,37.0
01/08/2022 22:52:47,37.0
01/08/2022 22:52:48,37.0
01/08/2022 22:52:48,37.0
01/08/2022 22:52:49,37.0
01/08/2022 22:52:49,37.0
01/08/2022 22:52:50,37.0
01/08/2022 22:52:50,37.0
01/08/2022 22:52:51,37.0
01/08/2022 22:52:52,37.0
01/08/2022 22:52:52,37.0
01/08/2022 22:52:53,37.0
01/08/2022 22:52:53,37.0
01/08/2022 22:52:54,37.0
01/08/2022 22:52:54,37.0
01/08/2022 22:52:55,37.0
01/08/2022 22:52:55,37.0
01/08/2022 22:52:56,37.0
01/08/2022 22:52:56,37.0
01/08/2022 22:52:57,37.0
01/08/2022 22:52:57,38.0
01/08/2022 22:52:58,38.0
01/08/2022 22:52:58,38.0
01/08/2022 22:52:59,38.0
01/08/2022 22:52:59,38.0
01/08/2022 22:53:00,38.0
01/08/2022 22:53:00,38.0
01/08/2022 22:53:01,38.0
01/08/2022 22:53:01,38.0
01/08/2022 22:53:02,38.0
01/08/2022 22:53:03,38.0
01/08/2022 22:53:03,38.0
01/08/2022 22:53:04,38.0
01/08/2022 22:53:04,38.0
01/08/2022 22:53:05,38.0
01/08/2022 22:53:05,38.0
01/08/2022 22:53:06,38.0
01/08/2022 22:53:06,38.0
01/08/2022 22:53:07,39.0
01/08/2022 22:53:07,41.0
01/08/2022 22:53:08,41.0
01/08/2022 22:53:08,42.0
01/08/2022 22:53:09,43.0
01/08/2022 22:53:09,43.0
01/08/2022 22:53:10,43.0
01/08/2022 22:53:10,43.0
01/08/2022 22:53:11,43.0
01/08/2022 22:53:11,43.0
01/08/2022 22:53:12,43.0
01/08/2022 22:53:13,43.0
01/08/2022 22:53:13,43.0
01/08/2022 22:53:14,43.0
01/08/2022 22:53:14,44.0
01/08/2022 22:53:15,45.0
01/08/2022 22:53:15,47.0
01/08/2022 22:53:16,48.0
01/08/2022 22:53:16,49.0
01/08/2022 22:53:17,49.0
01/08/2022 22:53:17,49.0
01/08/2022 22:53:18,49.0
01/08/2022 22:53:18,49.0
01/08/2022 22:53:19,49.0
01/08/2022 22:53:19,49.0
01/08/2022 22:53:20,49.0
01/08/2022 22:53:20,50.0
01/08/2022 22:53:21,50.0
01/08/2022 22:53:21,52.0
01/08/2022 22:53:22,52.0
01/08/2022 22:53:22,53.0
01/08/2022 22:53:23,54.0
01/08/2022 22:53:24,55.0
01/08/2022 22:53:24,55.0
01/08/2022 22:53:25,55.0
01/08/2022 22:53:25,55.0
01/08/2022 22:53:26,55.0
01/08/2022 22:53:26,54.0
01/08/2022 22:53:27,54.0
01/08/2022 22:53:27,54.0
01/08/2022 22:53:28,55.0
01/08/2022 22:53:28,55.0
01/08/2022 22:53:29,56.0
01/08/2022 22:53:29,57.0
01/08/2022 22:53:30,57.0
01/08/2022 22:53:30,57.0
01/08/2022 22:53:31,56.0
01/08/2022 22:53:31,56.0
01/08/2022 22:53:32,56.0
01/08/2022 22:53:32,55.0
01/08/2022 22:53:33,55.0
01/08/2022 22:53:33,56.0
01/08/2022 22:53:34,56.0
01/08/2022 22:53:35,56.0
01/08/2022 22:53:35,57.0
01/08/2022 22:53:36,57.0
01/08/2022 22:53:36,57.0
01/08/2022 22:53:37,57.0
01/08/2022 22:53:37,57.0
01/08/2022 22:53:38,57.0
01/08/2022 22:53:38,57.0
01/08/2022 22:53:39,56.0
01/08/2022 22:53:39,56.0
01/08/2022 22:53:40,56.0
01/08/2022 22:53:40,56.0
01/08/2022 22:53:41,56.0
01/08/2022 22:53:41,57.0
01/08/2022 22:53:42,58.0
01/08/2022 22:53:42,59.0
01/08/2022 22:53:43,59.0
01/08/2022 22:53:43,60.0
01/08/2022 22:53:44,60.0
01/08/2022 22:53:44,60.0
01/08/2022 22:53:45,60.0
01/08/2022 22:53:46,60.0
01/08/2022 22:53:46,60.0
01/08/2022 22:53:47,60.0
01/08/2022 22:53:47,60.0
01/08/2022 22:53:48,60.0
01/08/2022 22:53:48,60.0
01/08/2022 22:53:49,60.0
01/08/2022 22:53:49,60.0
01/08/2022 22:53:50,60.0
01/08/2022 22:53:50,60.0
01/08/2022 22:53:51,61.0
01/08/2022 22:53:51,60.0
01/08/2022 22:53:52,60.0
01/08/2022 22:53:52,60.0
01/08/2022 22:53:53,60.0
01/08/2022 22:53:53,60.0
01/08/2022 22:53:54,60.0
01/08/2022 22:53:54,60.0
01/08/2022 22:53:55,60.0
01/08/2022 22:53:55,60.0
01/08/2022 22:53:56,60.0
01/08/2022 22:53:57,60.0
01/08/2022 22:53:57,60.0
01/08/2022 22:53:58,60.0
01/08/2022 22:53:58,60.0
01/08/2022 22:53:59,60.0
01/08/2022 22:53:59,59.0
01/08/2022 22:54:00,59.0
01/08/2022 22:54:00,59.0
01/08/2022 22:54:01,59.0
01/08/2022 22:54:01,59.0
01/08/2022 22:54:02,59.0
01/08/2022 22:54:02,59.0
01/08/2022 22:54:03,59.0
01/08/2022 22:54:03,59.0
01/08/2022 22:54:04,58.0
01/08/2022 22:54:04,58.0
01/08/2022 22:54:05,58.0
01/08/2022 22:54:05,58.0
01/08/2022 22:54:06,58.0
01/08/2022 22:54:07,58.0
01/08/2022 22:54:07,57.0
01/08/2022 22:54:08,57.0
01/08/2022 22:54:08,57.0
01/08/2022 22:54:09,57.0
01/08/2022 22:54:09,57.0
01/08/2022 22:54:10,57.0
01/08/2022 22:54:10,57.0
01/08/2022 22:54:11,57.0
01/08/2022 22:54:11,57.0
01/08/2022 22:54:12,56.0
01/08/2022 22:54:12,56.0
01/08/2022 22:54:13,56.0
01/08/2022 22:54:13,56.0
01/08/2022 22:54:14,56.0
01/08/2022 22:54:14,56.0
01/08/2022 22:54:15,56.0
01/08/2022 22:54:15,56.0
01/08/2022 22:54:16,56.0
01/08/2022 22:54:16,55.0
01/08/2022 22:54:17,55.0
01/08/2022 22:54:18,55.0
01/08/2022 22:54:18,55.0
01/08/2022 22:54:19,55.0
01/08/2022 22:54:19,55.0
01/08/2022 22:54:20,55.0
01/08/2022 22:54:20,55.0
01/08/2022 22:54:21,55.0
01/08/2022 22:54:21,54.0
01/08/2022 22:54:22,54.0
01/08/2022 22:54:22,54.0
01/08/2022 22:54:23,53.0
01/08/2022 22:54:23,53.0
01/08/2022 22:54:24,53.0
01/08/2022 22:54:24,53.0
01/08/2022 22:54:25,53.0
01/08/2022 22:54:25,53.0
01/08/2022 22:54:26,53.0
01/08/2022 22:54:26,52.0
01/08/2022 22:54:27,52.0
01/08/2022 22:54:27,52.0
01/08/2022 22:54:28,52.0
01/08/2022 22:54:29,52.0
01/08/2022 22:54:29,52.0
01/08/2022 22:54:30,52.0
01/08/2022 22:54:30,51.0
01/08/2022 22:54:31,51.0
01/08/2022 22:54:31,51.0
01/08/2022 22:54:32,51.0
01/08/2022 22:54:32,50.0
01/08/2022 22:54:33,50.0
01/08/2022 22:54:33,50.0
01/08/2022 22:54:34,50.0
01/08/2022 22:54:34,50.0
01/08/2022 22:54:35,50.0
01/08/2022 22:54:35,50.0
01/08/2022 22:54:36,50.0
01/08/2022 22:54:36,50.0
01/08/2022 22:54:37,49.0
01/08/2022 22:54:37,49.0
01/08/2022 22:54:38,49.0
01/08/2022 22:54:38,49.0
01/08/2022 22:54:39,49.0
01/08/2022 22:54:40,49.0
01/08/2022 22:54:40,49.0
01/08/2022 22:54:41,49.0
01/08/2022 22:54:41,49.0
01/08/2022 22:54:42,49.0
01/08/2022 22:54:42,48.0
01/08/2022 22:54:43,48.0
01/08/2022 22:54:43,48.0
01/08/2022 22:54:44,48.0
01/08/2022 22:54:44,48.0
01/08/2022 22:54:45,48.0
01/08/2022 22:54:45,48.0
01/08/2022 22:54:46,48.0
01/08/2022 22:54:46,48.0
01/08/2022 22:54:47,48.0
01/08/2022 22:54:47,47.0
01/08/2022 22:54:48,47.0
01/08/2022 22:54:48,47.0
01/08/2022 22:54:49,47.0
01/08/2022 22:54:49,47.0
01/08/2022 22:54:50,47.0
01/08/2022 22:54:51,47.0
01/08/2022 22:54:51,47.0
01/08/2022 22:54:52,47.0
01/08/2022 22:54:52,47.0
01/08/2022 22:54:53,46.0
01/08/2022 22:54:53,46.0
01/08/2022 22:54:54,46.0
01/08/2022 22:54:54,46.0
01/08/2022 22:54:55,46.0
01/08/2022 22:54:55,46.0
01/08/2022 22:54:56,45.0
01/08/2022 22:54:56,45.0
01/08/2022 22:54:57,45.0
01/08/2022 22:54:57,45.0
01/08/2022 22:54:58,45.0
01/08/2022 22:54:58,45.0
01/08/2022 22:54:59,45.0
01/08/2022 22:54:59,45.0
01/08/2022 22:55:00,45.0
01/08/2022 22:55:01,45.0
01/08/2022 22:55:01,45.0
01/08/2022 22:55:02,45.0
01/08/2022 22:55:02,45.0
01/08/2022 22:55:03,44.0
01/08/2022 22:55:03,44.0
01/08/2022 22:55:04,44.0
01/08/2022 22:55:04,44.0
01/08/2022 22:55:05,44.0
01/08/2022 22:55:05,44.0
01/08/2022 22:55:06,44.0
01/08/2022 22:55:06,44.0
01/08/2022 22:55:07,44.0
01/08/2022 22:55:07,44.0
01/08/2022 22:55:08,44.0
01/08/2022 22:55:08,44.0
01/08/2022 22:55:09,44.0
01/08/2022 22:55:09,44.0
01/08/2022 22:55:10,43.0
01/08/2022 22:55:10,43.0
01/08/2022 22:55:11,43.0
01/08/2022 22:55:12,43.0
01/08/2022 22:55:12,43.0
01/08/2022 22:55:13,43.0
01/08/2022 22:55:13,43.0
01/08/2022 22:55:14,43.0
01/08/2022 22:55:14,43.0
01/08/2022 22:55:15,43.0
01/08/2022 22:55:15,43.0
01/08/2022 22:55:16,43.0
01/08/2022 22:55:16,43.0
01/08/2022 22:55:17,43.0
01/08/2022 22:55:17,43.0
01/08/2022 22:55:18,43.0
01/08/2022 22:55:18,43.0
01/08/2022 22:55:19,43.0
01/08/2022 22:55:19,43.0
01/08/2022 22:55:20,42.0
01/08/2022 22:55:20,42.0
01/08/2022 22:55:21,42.0
01/08/2022 22:55:21,42.0
01/08/2022 22:55:22,42.0
01/08/2022 22:55:23,42.0
01/08/2022 22:55:23,42.0
01/08/2022 22:55:24,42.0
01/08/2022 22:55:24,42.0
01/08/2022 22:55:25,42.0
01/08/2022 22:55:25,42.0
01/08/2022 22:55:26,42.0
01/08/2022 22:55:26,42.0
01/08/2022 22:55:27,42.0
01/08/2022 22:55:27,42.0
01/08/2022 22:55:28,42.0
01/08/2022 22:55:28,41.0
01/08/2022 22:55:29,41.0
01/08/2022 22:55:29,41.0
01/08/2022 22:55:30,41.0
01/08/2022 22:55:30,41.0
01/08/2022 22:55:31,41.0
01/08/2022 22:55:31,41.0
01/08/2022 22:55:32,41.0
01/08/2022 22:55:32,41.0
01/08/2022 22:55:33,41.0
01/08/2022 22:55:34,41.0
01/08/2022 22:55:34,41.0
01/08/2022 22:55:35,41.0
01/08/2022 22:55:35,41.0
01/08/2022 22:55:36,41.0
01/08/2022 22:55:36,41.0
01/08/2022 22:55:37,41.0
01/08/2022 22:55:37,41.0
01/08/2022 22:55:38,41.0
01/08/2022 22:55:38,41.0
01/08/2022 22:55:39,40.0
01/08/2022 22:55:39,40.0
01/08/2022 22:55:40,40.0
01/08/2022 22:55:40,40.0
01/08/2022 22:55:41,40.0
01/08/2022 22:55:41,40.0
01/08/2022 22:55:42,40.0
01/08/2022 22:55:42,40.0
01/08/2022 22:55:43,40.0
01/08/2022 22:55:43,40.0
01/08/2022 22:55:44,40.0
01/08/2022 22:55:45,40.0
01/08/2022 22:55:45,40.0
01/08/2022 22:55:46,40.0
01/08/2022 22:55:46,40.0
01/08/2022 22:55:47,40.0
01/08/2022 22:55:47,40.0
01/08/2022 22:55:48,40.0
01/08/2022 22:55:48,40.0
01/08/2022 22:55:49,39.0
01/08/2022 22:55:49,39.0
01/08/2022 22:55:50,39.0
01/08/2022 22:55:50,39.0
01/08/2022 22:55:51,39.0
01/08/2022 22:55:51,39.0
01/08/2022 22:55:52,39.0
01/08/2022 22:55:52,39.0
01/08/2022 22:55:53,39.0
01/08/2022 22:55:53,39.0
01/08/2022 22:55:54,39.0
01/08/2022 22:55:54,39.0
01/08/2022 22:55:55,39.0
01/08/2022 22:55:56,39.0
01/08/2022 22:55:56,39.0
01/08/2022 22:55:57,39.0
01/08/2022 22:55:57,39.0
01/08/2022 22:55:58,39.0
01/08/2022 22:55:58,39.0
01/08/2022 22:55:59,39.0
01/08/2022 22:55:59,39.0
01/08/2022 22:56:00,39.0
01/08/2022 22:56:00,39.0
01/08/2022 22:56:01,39.0
01/08/2022 22:56:01,39.0
01/08/2022 22:56:02,39.0
01/08/2022 22:56:02,39.0
01/08/2022 22:56:03,39.0
01/08/2022 22:56:03,39.0
01/08/2022 22:56:04,38.0
01/08/2022 22:56:04,38.0
01/08/2022 22:56:05,38.0
01/08/2022 22:56:06,38.0
01/08/2022 22:56:06,38.0
01/08/2022 22:56:07,38.0
01/08/2022 22:56:07,38.0
01/08/2022 22:56:08,38.0
01/08/2022 22:56:08,38.0
01/08/2022 22:56:09,38.0
01/08/2022 22:56:09,38.0
01/08/2022 22:56:10,38.0
01/08/2022 22:56:10,38.0
01/08/2022 22:56:11,38.0
01/08/2022 22:56:11,38.0
01/08/2022 22:56:12,38.0
01/08/2022 22:56:12,38.0
01/08/2022 22:56:13,38.0
01/08/2022 22:56:13,38.0
01/08/2022 22:56:14,38.0
01/08/2022 22:56:14,38.0
01/08/2022 22:56:15,38.0
01/08/2022 22:56:15,38.0
01/08/2022 22:56:16,38.0
01/08/2022 22:56:17,38.0
01/08/2022 22:56:17,38.0
01/08/2022 22:56:18,38.0
01/08/2022 22:56:18,38.0
01/08/2022 22:56:19,38.0
01/08/2022 22:56:19,38.0
01/08/2022 22:56:20,38.0
01/08/2022 22:56:20,38.0
01/08/2022 22:56:21,38.0
01/08/2022 22:56:21,38.0
01/08/2022 22:56:22,38.0
01/08/2022 22:56:22,37.0
01/08/2022 22:56:23,37.0
01/08/2022 22:56:23,37.0
01/08/2022 22:56:24,37.0
01/08/2022 22:56:24,37.0
01/08/2022 22:56:25,37.0
01/08/2022 22:56:25,37.0
01/08/2022 22:56:26,37.0
01/08/2022 22:56:26,37.0
01/08/2022 22:56:27,37.0
01/08/2022 22:56:28,37.0
01/08/2022 22:56:28,37.0
01/08/2022 22:56:29,37.0
01/08/2022 22:56:29,37.0
01/08/2022 22:56:30,37.0
01/08/2022 22:56:30,37.0
01/08/2022 22:56:31,37.0
01/08/2022 22:56:31,37.0
01/08/2022 22:56:32,37.0
01/08/2022 22:56:32,37.0
01/08/2022 22:56:33,37.0
01/08/2022 22:56:33,37.0
01/08/2022 22:56:34,37.0
01/08/2022 22:56:34,36.0
01/08/2022 22:56:35,36.0
01/08/2022 22:56:35,36.0
01/08/2022 22:56:36,36.0
01/08/2022 22:56:36,36.0
01/08/2022 22:56:37,36.0
01/08/2022 22:56:37,36.0
01/08/2022 22:56:38,36.0
01/08/2022 22:56:39,36.0
01/08/2022 22:56:39,36.0
01/08/2022 22:56:40,36.0
01/08/2022 22:56:40,36.0
01/08/2022 22:56:41,36.0
01/08/2022 22:56:41,36.0
01/08/2022 22:56:42,36.0
01/08/2022 22:56:42,36.0
01/08/2022 22:56:43,36.0
01/08/2022 22:56:43,36.0
01/08/2022 22:56:44,36.0
01/08/2022 22:56:44,36.0
01/08/2022 22:56:45,36.0
01/08/2022 22:56:45,36.0
01/08/2022 22:56:46,36.0
01/08/2022 22:56:46,36.0
01/08/2022 22:56:47,36.0
01/08/2022 22:56:47,36.0
01/08/2022 22:56:48,36.0
01/08/2022 22:56:49,36.0
01/08/2022 22:56:49,36.0
01/08/2022 22:56:50,36.0
01/08/2022 22:56:50,36.0
01/08/2022 22:56:51,36.0
01/08/2022 22:56:51,36.0
01/08/2022 22:56:52,36.0
01/08/2022 22:56:52,36.0
01/08/2022 22:56:53,36.0
01/08/2022 22:56:53,36.0
01/08/2022 22:56:54,36.0
01/08/2022 22:56:54,36.0
01/08/2022 22:56:55,36.0
01/08/2022 22:56:55,36.0
01/08/2022 22:56:56,36.0
01/08/2022 22:56:56,36.0
01/08/2022 22:56:57,36.0
01/08/2022 22:56:57,36.0
01/08/2022 22:56:58,36.0
01/08/2022 22:56:58,36.0
01/08/2022 22:56:59,36.0
01/08/2022 22:57:00,36.0
01/08/2022 22:57:00,36.0
01/08/2022 22:57:01,36.0
01/08/2022 22:57:01,36.0
01/08/2022 22:57:02,36.0
01/08/2022 22:57:02,36.0
01/08/2022 22:57:03,36.0
01/08/2022 22:57:03,36.0
01/08/2022 22:57:04,36.0
01/08/2022 22:57:04,36.0
01/08/2022 22:57:05,36.0
01/08/2022 22:57:05,36.0
01/08/2022 22:57:06,35.0
01/08/2022 22:57:06,35.0
01/08/2022 22:57:07,35.0
01/08/2022 22:57:07,35.0
01/08/2022 22:57:08,35.0
01/08/2022 22:57:08,35.0
01/08/2022 22:57:09,35.0
01/08/2022 22:57:09,35.0
01/08/2022 22:57:10,35.0
01/08/2022 22:57:11,35.0
01/08/2022 22:57:11,35.0
01/08/2022 22:57:12,35.0
01/08/2022 22:57:12,35.0
01/08/2022 22:57:13,35.0
01/08/2022 22:57:13,35.0
01/08/2022 22:57:14,35.0
01/08/2022 22:57:14,35.0
01/08/2022 22:57:15,35.0
01/08/2022 22:57:15,35.0
01/08/2022 22:57:16,35.0
01/08/2022 22:57:16,35.0
01/08/2022 22:57:17,35.0
01/08/2022 22:57:17,35.0
01/08/2022 22:57:18,35.0
01/08/2022 22:57:18,35.0
01/08/2022 22:57:19,35.0
01/08/2022 22:57:19,35.0
01/08/2022 22:57:20,35.0
01/08/2022 22:57:20,35.0
01/08/2022 22:57:21,35.0
01/08/2022 22:57:22,35.0
01/08/2022 22:57:22,35.0
01/08/2022 22:57:23,35.0
01/08/2022 22:57:23,35.0
01/08/2022 22:57:24,35.0
01/08/2022 22:57:24,35.0
01/08/2022 22:57:25,35.0
01/08/2022 22:57:25,35.0
01/08/2022 22:57:26,35.0
01/08/2022 22:57:26,35.0
01/08/2022 22:57:27,35.0
01/08/2022 22:57:27,35.0
01/08/2022 22:57:28,35.0
01/08/2022 22:57:28,35.0
01/08/2022 22:57:29,35.0
01/08/2022 22:57:29,35.0
01/08/2022 22:57:30,35.0
01/08/2022 22:57:30,35.0
01/08/2022 22:57:31,35.0
01/08/2022 22:57:31,35.0
01/08/2022 22:57:32,35.0
01/08/2022 22:57:33,35.0
01/08/2022 22:57:33,35.0
01/08/2022 22:57:34,35.0
01/08/2022 22:57:34,35.0
01/08/2022 22:57:35,35.0
01/08/2022 22:57:35,35.0
01/08/2022 22:57:36,35.0
01/08/2022 22:57:36,35.0
01/08/2022 22:57:37,35.0
01/08/2022 22:57:37,35.0
01/08/2022 22:57:38,35.0
01/08/2022 22:57:38,35.0
01/08/2022 22:57:39,35.0
01/08/2022 22:57:39,35.0
01/08/2022 22:57:40,35.0
01/08/2022 22:57:40,35.0
01/08/2022 22:57:41,35.0
01/08/2022 22:57:41,35.0
01/08/2022 22:57:42,35.0
01/08/2022 22:57:43,35.0
01/08/2022 22:57:43,35.0
01/08/2022 22:57:44,35.0
01/08/2022 22:57:44,35.0
01/08/2022 22:57:45,35.0
01/08/2022 22:57:45,35.0
01/08/2022 22:57:46,35.0
01/08/2022 22:57:46,35.0
01/08/2022 22:57:47,35.0
01/08/2022 22:57:47,35.0
01/08/2022 22:57:48,35.0
01/08/2022 22:57:48,35.0
01/08/2022 22:57:49,35.0
01/08/2022 22:57:49,35.0
01/08/2022 22:57:50,35.0
01/08/2022 22:57:50,35.0
01/08/2022 22:57:51,35.0
01/08/2022 22:57:51,35.0
01/08/2022 22:57:52,35.0
01/08/2022 22:57:52,35.0
01/08/2022 22:57:53,35.0
01/08/2022 22:57:54,35.0
01/08/2022 22:57:54,35.0
01/08/2022 22:57:55,35.0
01/08/2022 22:57:55,35.0
01/08/2022 22:57:56,35.0
01/08/2022 22:57:56,35.0
01/08/2022 22:57:57,35.0
01/08/2022 22:57:57,35.0
01/08/2022 22:57:58,35.0
01/08/2022 22:57:58,35.0
01/08/2022 22:57:59,35.0
01/08/2022 22:57:59,35.0
01/08/2022 22:58:00,35.0
01/08/2022 22:58:00,35.0
01/08/2022 22:58:01,35.0
01/08/2022 22:58:01,35.0
01/08/2022 22:58:02,35.0
01/08/2022 22:58:02,35.0
01/08/2022 22:58:03,35.0
01/08/2022 22:58:03,35.0
01/08/2022 22:58:04,35.0
01/08/2022 22:58:05,35.0
01/08/2022 22:58:05,35.0
01/08/2022 22:58:06,35.0
01/08/2022 22:58:06,35.0
01/08/2022 22:58:07,35.0
01/08/2022 22:58:07,35.0
01/08/2022 22:58:08,35.0
01/08/2022 22:58:08,35.0
01/08/2022 22:58:09,35.0
01/08/2022 22:58:09,35.0
01/08/2022 22:58:10,35.0
01/08/2022 22:58:10,35.0
01/08/2022 22:58:11,35.0
01/08/2022 22:58:11,35.0
01/08/2022 22:58:12,35.0
01/08/2022 22:58:12,35.0
01/08/2022 22:58:13,35.0
01/08/2022 22:58:13,35.0
01/08/2022 22:58:14,35.0
01/08/2022 22:58:14,35.0
01/08/2022 22:58:15,35.0
01/08/2022 22:58:16,35.0
01/08/2022 22:58:16,35.0
01/08/2022 22:58:17,35.0
01/08/2022 22:58:17,35.0
01/08/2022 22:58:18,34.0
01/08/2022 22:58:18,34.0
01/08/2022 22:58:19,34.0
01/08/2022 22:58:19,34.0
01/08/2022 22:58:20,34.0
01/08/2022 22:58:20,34.0
01/08/2022 22:58:21,34.0
01/08/2022 22:58:21,34.0
01/08/2022 22:58:22,34.0
01/08/2022 22:58:22,34.0
01/08/2022 22:58:23,34.0
01/08/2022 22:58:23,34.0
01/08/2022 22:58:24,34.0
01/08/2022 22:58:24,34.0
01/08/2022 22:58:25,34.0
01/08/2022 22:58:25,34.0
01/08/2022 22:58:26,34.0
01/08/2022 22:58:27,34.0
01/08/2022 22:58:27,34.0
01/08/2022 22:58:28,34.0
01/08/2022 22:58:28,34.0
01/08/2022 22:58:29,34.0
01/08/2022 22:58:29,34.0
01/08/2022 22:58:30,34.0
01/08/2022 22:58:30,34.0
01/08/2022 22:58:31,34.0
01/08/2022 22:58:31,34.0
01/08/2022 22:58:32,34.0
01/08/2022 22:58:32,34.0
01/08/2022 22:58:33,34.0
01/08/2022 22:58:33,34.0
01/08/2022 22:58:34,34.0
01/08/2022 22:58:34,34.0
01/08/2022 22:58:35,34.0
01/08/2022 22:58:35,34.0
01/08/2022 22:58:36,34.0
01/08/2022 22:58:37,34.0
01/08/2022 22:58:37,34.0
01/08/2022 22:58:38,34.0
01/08/2022 22:58:38,34.0
01/08/2022 22:58:39,34.0
01/08/2022 22:58:39,34.0
01/08/2022 22:58:40,34.0
01/08/2022 22:58:40,34.0
01/08/2022 22:58:41,34.0
01/08/2022 22:58:41,34.0
01/08/2022 22:58:42,34.0
01/08/2022 22:58:42,34.0
01/08/2022 22:58:43,34.0
01/08/2022 22:58:43,34.0
01/08/2022 22:58:44,34.0
01/08/2022 22:58:44,34.0
01/08/2022 22:58:45,34.0
01/08/2022 22:58:45,34.0
01/08/2022 22:58:46,34.0
01/08/2022 22:58:46,34.0
01/08/2022 22:58:47,34.0
01/08/2022 22:58:48,34.0
01/08/2022 22:58:48,34.0
01/08/2022 22:58:49,34.0
01/08/2022 22:58:49,34.0
01/08/2022 22:58:50,34.0
01/08/2022 22:58:50,34.0
01/08/2022 22:58:51,34.0
01/08/2022 22:58:51,34.0
01/08/2022 22:58:52,34.0
01/08/2022 22:58:52,34.0
01/08/2022 22:58:53,34.0
01/08/2022 22:58:53,34.0
01/08/2022 22:58:54,34.0
01/08/2022 22:58:54,34.0
01/08/2022 22:58:55,34.0
01/08/2022 22:58:55,34.0
01/08/2022 22:58:56,34.0
01/08/2022 22:58:56,34.0
01/08/2022 22:58:57,34.0
01/08/2022 22:58:57,34.0
01/08/2022 22:58:58,34.0
01/08/2022 22:58:59,34.0
01/08/2022 22:58:59,34.0
01/08/2022 22:59:00,34.0
01/08/2022 22:59:00,34.0
01/08/2022 22:59:01,34.0
01/08/2022 22:59:01,34.0
01/08/2022 22:59:02,34.0
01/08/2022 22:59:02,34.0
01/08/2022 22:59:03,34.0
01/08/2022 22:59:03,34.0
01/08/2022 22:59:04,34.0
01/08/2022 22:59:04,34.0
01/08/2022 22:59:05,34.0
01/08/2022 22:59:05,34.0
01/08/2022 22:59:06,34.0
01/08/2022 22:59:06,34.0
01/08/2022 22:59:07,34.0
01/08/2022 22:59:07,34.0
01/08/2022 22:59:08,34.0
01/08/2022 22:59:08,34.0
01/08/2022 22:59:09,34.0
01/08/2022 22:59:10,34.0
01/08/2022 22:59:10,34.0
01/08/2022 22:59:11,34.0
01/08/2022 22:59:11,34.0
01/08/2022 22:59:12,34.0
01/08/2022 22:59:12,34.0
01/08/2022 22:59:13,34.0
01/08/2022 22:59:13,34.0
01/08/2022 22:59:14,34.0
01/08/2022 22:59:14,34.0
01/08/2022 22:59:15,34.0
01/08/2022 22:59:15,34.0
01/08/2022 22:59:16,34.0
01/08/2022 22:59:16,34.0
01/08/2022 22:59:17,34.0
01/08/2022 22:59:17,34.0
01/08/2022 22:59:18,34.0
01/08/2022 22:59:18,34.0
01/08/2022 22:59:19,34.0
01/08/2022 22:59:19,34.0
01/08/2022 22:59:20,34.0
01/08/2022 22:59:21,34.0
01/08/2022 22:59:21,34.0
01/08/2022 22:59:22,34.0
01/08/2022 22:59:22,34.0
01/08/2022 22:59:23,34.0
01/08/2022 22:59:23,34.0
01/08/2022 22:59:24,34.0
01/08/2022 22:59:24,34.0
01/08/2022 22:59:25,34.0
01/08/2022 22:59:25,34.0
01/08/2022 22:59:26,34.0
01/08/2022 22:59:26,34.0
01/08/2022 22:59:27,34.0
01/08/2022 22:59:27,34.0
01/08/2022 22:59:28,34.0
01/08/2022 22:59:28,34.0
01/08/2022 22:59:29,34.0
01/08/2022 22:59:29,34.0
01/08/2022 22:59:30,34.0
01/08/2022 22:59:31,34.0
01/08/2022 22:59:31,34.0
01/08/2022 22:59:32,34.0
01/08/2022 22:59:32,34.0
01/08/2022 22:59:33,34.0
01/08/2022 22:59:33,34.0
01/08/2022 22:59:34,34.0
01/08/2022 22:59:34,34.0
01/08/2022 22:59:35,34.0
01/08/2022 22:59:35,34.0
01/08/2022 22:59:36,34.0
01/08/2022 22:59:36,34.0
01/08/2022 22:59:37,34.0
01/08/2022 22:59:37,34.0
01/08/2022 22:59:38,34.0
01/08/2022 22:59:38,34.0
01/08/2022 22:59:39,34.0
01/08/2022 22:59:39,34.0
01/08/2022 22:59:40,34.0
01/08/2022 22:59:40,34.0
01/08/2022 22:59:41,34.0
01/08/2022 22:59:42,34.0
01/08/2022 22:59:42,34.0
01/08/2022 22:59:43,34.0
01/08/2022 22:59:43,34.0
01/08/2022 22:59:44,34.0
01/08/2022 22:59:44,34.0
01/08/2022 22:59:45,34.0
01/08/2022 22:59:45,34.0
01/08/2022 22:59:46,34.0
01/08/2022 22:59:46,34.0
01/08/2022 22:59:47,34.0
01/08/2022 22:59:47,34.0
01/08/2022 22:59:48,34.0
01/08/2022 22:59:48,34.0
01/08/2022 22:59:49,34.0
01/08/2022 22:59:49,34.0
01/08/2022 22:59:50,34.0
01/08/2022 22:59:50,34.0
01/08/2022 22:59:51,34.0
01/08/2022 22:59:51,34.0
01/08/2022 22:59:52,34.0
01/08/2022 22:59:53,34.0
01/08/2022 22:59:53,34.0
01/08/2022 22:59:54,34.0
01/08/2022 22:59:54,34.0
01/08/2022 22:59:55,34.0
01/08/2022 22:59:55,34.0
01/08/2022 22:59:56,34.0
01/08/2022 22:59:56,34.0
01/08/2022 22:59:57,34.0
01/08/2022 22:59:57,34.0
01/08/2022 22:59:58,34.0
03/08/2022 08:19:38,28.0
03/08/2022 08:19:39,28.0
03/08/2022 08:19:39,28.0
03/08/2022 08:19:40,28.0
03/08/2022 08:19:40,28.0
03/08/2022 08:19:41,28.0
03/08/2022 08:19:41,28.0
03/08/2022 08:19:42,28.0
03/08/2022 08:19:43,28.0
03/08/2022 08:19:43,28.0
03/08/2022 08:19:44,28.0
03/08/2022 08:19:44,28.0
03/08/2022 08:19:45,28.0
03/08/2022 08:19:45,28.0
03/08/2022 08:19:46,28.0
03/08/2022 08:19:46,28.0
03/08/2022 08:19:47,28.0
03/08/2022 08:19:47,28.0
03/08/2022 08:19:48,28.0
03/08/2022 08:19:48,28.0
03/08/2022 08:19:49,28.0
03/08/2022 08:25:51,30.0
03/08/2022 08:25:51,30.0
03/08/2022 08:25:52,30.0
03/08/2022 08:25:52,30.0
03/08/2022 08:25:53,30.0
03/08/2022 08:25:53,30.0
03/08/2022 08:25:54,30.0
03/08/2022 08:25:54,30.0
03/08/2022 08:25:55,30.0
03/08/2022 08:25:55,30.0
03/08/2022 08:25:56,30.0
03/08/2022 08:25:56,30.0
03/08/2022 08:25:57,30.0
03/08/2022 08:25:58,30.0
03/08/2022 08:25:58,30.0
03/08/2022 08:25:59,30.0
03/08/2022 08:25:59,30.0
03/08/2022 08:26:00,30.0
03/08/2022 08:26:00,30.0
03/08/2022 08:26:01,30.0
03/08/2022 08:26:01,30.0
03/08/2022 08:26:02,30.0
03/08/2022 08:26:02,30.0
03/08/2022 08:26:03,30.0
03/08/2022 08:26:03,30.0
03/08/2022 08:26:04,30.0
03/08/2022 08:26:04,30.0
03/08/2022 08:26:05,30.0
03/08/2022 08:26:05,30.0
03/08/2022 08:26:06,30.0
03/08/2022 08:26:06,30.0
03/08/2022 08:26:07,30.0
03/08/2022 08:26:07,30.0
03/08/2022 08:26:08,30.0
03/08/2022 08:26:09,30.0
03/08/2022 08:26:09,30.0
03/08/2022 08:26:10,30.0
03/08/2022 08:26:10,30.0
03/08/2022 08:26:11,30.0
03/08/2022 08:26:11,30.0
03/08/2022 08:26:12,30.0
03/08/2022 08:26:12,30.0
03/08/2022 08:26:13,30.0
03/08/2022 08:26:13,30.0
03/08/2022 08:26:14,30.0
03/08/2022 08:26:14,30.0
03/08/2022 08:26:15,30.0
03/08/2022 08:26:15,30.0
03/08/2022 08:26:16,30.0
03/08/2022 08:26:16,30.0
03/08/2022 08:26:17,30.0
03/08/2022 08:26:17,30.0
03/08/2022 08:26:18,30.0
03/08/2022 08:26:18,30.0
03/08/2022 08:26:19,30.0
03/08/2022 08:26:20,30.0
03/08/2022 08:26:20,30.0
03/08/2022 08:26:21,30.0
03/08/2022 08:26:21,30.0
03/08/2022 08:26:22,30.0
03/08/2022 08:26:22,30.0
03/08/2022 08:26:23,30.0
03/08/2022 08:26:23,30.0
03/08/2022 08:26:24,30.0
03/08/2022 08:26:24,30.0
03/08/2022 08:26:25,30.0
03/08/2022 08:26:25,30.0
03/08/2022 08:26:26,30.0
03/08/2022 08:26:26,30.0
03/08/2022 08:26:27,30.0
03/08/2022 08:26:27,30.0
03/08/2022 08:26:28,30.0
03/08/2022 08:26:28,30.0
03/08/2022 08:26:29,30.0
03/08/2022 08:26:30,30.0
03/08/2022 08:26:30,30.0
03/08/2022 08:26:31,30.0
03/08/2022 08:26:31,30.0
03/08/2022 08:26:32,30.0
03/08/2022 08:26:32,30.0
03/08/2022 08:26:33,30.0
03/08/2022 08:26:33,30.0
03/08/2022 08:26:34,30.0
03/08/2022 08:26:34,30.0
03/08/2022 08:26:35,30.0
03/08/2022 08:26:35,30.0
03/08/2022 08:26:36,30.0
03/08/2022 08:26:36,30.0
03/08/2022 08:26:37,30.0
03/08/2022 08:26:37,30.0
03/08/2022 08:26:38,30.0
03/08/2022 08:26:38,30.0
03/08/2022 08:26:39,30.0
03/08/2022 08:26:39,30.0
03/08/2022 08:26:40,30.0
03/08/2022 08:26:41,30.0
03/08/2022 08:26:41,30.0
03/08/2022 08:26:42,30.0
03/08/2022 08:26:42,30.0
03/08/2022 08:26:43,30.0
03/08/2022 08:26:43,30.0
03/08/2022 08:26:44,30.0
03/08/2022 08:26:44,30.0
03/08/2022 08:26:45,30.0
03/08/2022 08:26:45,30.0
03/08/2022 08:26:46,30.0
03/08/2022 08:26:46,30.0
03/08/2022 08:26:47,30.0
03/08/2022 08:26:47,30.0
03/08/2022 08:26:48,30.0
03/08/2022 08:26:48,30.0
03/08/2022 08:26:49,30.0
03/08/2022 08:26:49,30.0
03/08/2022 08:26:50,30.0
03/08/2022 08:26:50,30.0
03/08/2022 08:42:11,28.0
03/08/2022 08:42:12,28.0
03/08/2022 08:42:12,28.0
03/08/2022 08:42:13,28.0
03/08/2022 08:42:13,28.0
03/08/2022 08:42:14,28.0
03/08/2022 08:42:14,28.0
03/08/2022 08:42:15,28.0
03/08/2022 08:42:15,28.0
03/08/2022 08:42:16,28.0
03/08/2022 08:42:17,28.0
03/08/2022 08:42:17,28.0
03/08/2022 08:42:18,28.0
03/08/2022 08:42:18,28.0
03/08/2022 08:42:19,28.0
03/08/2022 08:42:19,28.0
03/08/2022 08:42:20,28.0
03/08/2022 08:42:20,28.0
03/08/2022 08:42:21,28.0
03/08/2022 08:42:21,28.0
03/08/2022 08:42:22,28.0
03/08/2022 08:42:22,28.0
03/08/2022 08:42:23,28.0
03/08/2022 08:42:23,28.0
03/08/2022 08:42:24,28.0
03/08/2022 08:42:24,28.0
03/08/2022 08:42:25,28.0
03/08/2022 08:42:25,28.0
03/08/2022 08:42:26,28.0
03/08/2022 08:42:26,28.0
03/08/2022 08:42:27,28.0
03/08/2022 08:42:28,28.0
03/08/2022 08:42:28,28.0
03/08/2022 08:42:29,28.0
03/08/2022 08:42:29,28.0
03/08/2022 08:42:30,28.0
03/08/2022 08:42:30,28.0
03/08/2022 08:42:31,28.0
03/08/2022 08:42:31,28.0
03/08/2022 08:42:32,28.0
03/08/2022 08:42:32,28.0
03/08/2022 08:42:33,28.0
03/08/2022 08:42:33,28.0
03/08/2022 08:42:34,28.0
03/08/2022 08:42:34,28.0
03/08/2022 08:42:35,28.0
03/08/2022 08:42:35,28.0
03/08/2022 08:42:36,28.0
03/08/2022 08:42:36,28.0
03/08/2022 08:42:37,28.0
03/08/2022 08:42:37,28.0
03/08/2022 08:42:38,28.0
03/08/2022 08:42:39,28.0
03/08/2022 08:42:39,28.0
03/08/2022 08:42:40,28.0
03/08/2022 08:42:40,28.0
03/08/2022 08:42:41,28.0
03/08/2022 08:42:41,28.0
03/08/2022 08:42:42,28.0
03/08/2022 08:42:42,28.0
03/08/2022 08:42:43,28.0
03/08/2022 08:42:43,28.0
03/08/2022 08:42:44,28.0
03/08/2022 08:42:44,28.0
03/08/2022 08:42:45,28.0
03/08/2022 08:42:45,28.0
03/08/2022 08:42:46,28.0
03/08/2022 08:42:46,28.0
03/08/2022 08:42:47,28.0
03/08/2022 08:42:47,28.0
03/08/2022 08:42:48,28.0
03/08/2022 08:42:48,28.0
03/08/2022 08:42:49,28.0
03/08/2022 08:42:50,28.0
03/08/2022 08:42:50,28.0
03/08/2022 08:42:51,28.0
03/08/2022 08:42:51,28.0
03/08/2022 08:42:52,28.0
03/08/2022 08:42:52,28.0
03/08/2022 08:42:53,28.0
03/08/2022 08:42:53,28.0
03/08/2022 08:42:54,28.0
03/08/2022 08:42:54,28.0
03/08/2022 08:42:55,28.0
